"Sector","Size","All_skills"
"Accounting & Legal","Medium Small","python, software, aws, analysis, azure, big data, project, computer, scala, sas, analytical, computer science, analytics, r, data, e, programming, data science, data analytics, business analysis, degree, algorithm, budget, optimization, solid, business, g, develop, modeling, focus, mathematics, ml, machine learning"
"Agriculture & Forestry","Small","sql, python, database, analysis, data analysis, communication, performance, automated, tableau, analytical, bi, r, support, data, e, basic, degree, statistics, s, sql queries, power bi, dashboard, etc, ad, etc.1, bi tools, business, statistical analysis, g, requirements, s.1, mathematics, tools, presentation, report, sql, python, database, analysis, data analysis, communication, performance, automated, tableau, analytical, bi, r, support, data, e, basic, degree, statistics, s, sql queries, power bi, dashboard, etc, ad, etc.1, bi tools, business, statistical analysis, g, requirements, s.1, mathematics, tools, presentation, report, sql, java, python, development, systems, mysql, hadoop, engineering, test, nosql, quality, apache, big data, spark, automation, computer, scala, computer science, design, hive, documentation, kafka, integration, testing, postgresql, cassandra, data, programming, rdbms, data science, tdd, redis, degree, algorithm, apis, framework, s, functional, gcp, test automation, backend, technical, distributed systems, build, solid, develop, hands, requirements, s.1, data processing, technology, machine learning, tools, bigquery"
"Arts, Entertainment & Recreation","Large","sql, python, development, software, systems, agile, aws, cloud, hadoop, sdlc, etl, engineering, test, rest, scrum, nosql, software development, quality, apache, big data, spark, automation, desktop, performance, algorithms, integration, testing, analytics, healthcare, ci, data, e, developer, mobile, can, tdd, apache spark, engineer, budget, s, test cases, technical, go, end, office , financial, cross, snowflake, build, kanban, real, amazon, data quality, full, g, develop, next, reliable, s.1, focus, scalability, impact, solutions, frameworks, machine learning, based, high, training, sql, python, development, software, systems, agile, aws, cloud, hadoop, sdlc, etl, engineering, test, rest, scrum, nosql, software development, quality, apache, big data, spark, automation, desktop, performance, algorithms, integration, testing, analytics, healthcare, ci, data, e, developer, mobile, can, tdd, apache spark, engineer, budget, s, test cases, technical, go, end, office , financial, cross, snowflake, build, kanban, real, amazon, data quality, full, g, develop, next, reliable, s.1, focus, scalability, impact, solutions, frameworks, machine learning, based, high, training"
"Biotech & Pharmaceuticals","Medium Large","analysis, application, test, access, analytical, testing, data, basic, specification, validation, degree, materials, s, technical, environmental, laboratory, objective, recruitment, requirements, s.1, monitoring, based, report"
"Business Services","Large","sql, python, management, development, software, application, engineering, ux, engineers, software development, applications, project, communication, computer, networks, performance, analytical, computer science, design, leadership, automotive, video, testing, analytics, healthcare, support, data, programming, data science, multi, best practices, libraries, statistics, iterative, s, lead, environmental, end, product development, client, build, creativity, real, business, transformation, develop, innovation, s.1, visual design, focus, mathematics, ai, evaluation, impact, solutions, frameworks, machine learning, based, energy, presentation, training, sql, java, security, python, management, development, software, agile, database, aws, system, cloud, c, engineering, ux, azure, engineers, project, computer, scala, performance, computer science, design, information security, leadership, video, kubernetes, analytics, r, support, data, data science, best practices, data analytics, degree, ups, functional, gcp, production, d, technical, workflow, cross, client, build, creativity, mentorship, real, stack, business, hands, pyspark, databricks, focus, mathematics, impact, presentations, solutions, machine learning, software engineering, c.1, training, sql, python, management, development, software, application, engineering, ux, engineers, software development, applications, project, communication, computer, networks, performance, analytical, computer science, design, leadership, automotive, video, testing, analytics, healthcare, support, data, programming, data science, multi, best practices, libraries, statistics, iterative, s, lead, environmental, end, product development, client, build, creativity, real, business, transformation, develop, innovation, s.1, visual design, focus, mathematics, ai, evaluation, impact, solutions, frameworks, machine learning, based, energy, presentation, training, sql, java, security, python, management, development, software, agile, database, aws, system, cloud, c, engineering, ux, azure, engineers, project, computer, scala, performance, computer science, design, information security, leadership, video, kubernetes, analytics, r, support, data, data science, best practices, data analytics, degree, ups, functional, gcp, production, d, technical, workflow, cross, client, build, creativity, mentorship, real, stack, business, hands, pyspark, databricks, focus, mathematics, impact, presentations, solutions, machine learning, software engineering, c.1, training, python, management, development, project management, engineering, scripts, applications, project, access, support, data, programming, matlab, degree, s, physics, client, recruitment, strategy, requirements, s.1, acquisition, report, training"
"Business Services","Medium Large","sql, management, software, analysis, system, c, project, communication, computer, computer science, documentation, implementation, t, testing, supervision, analytics, data, basic, multi, can, validation, f, degree, statistics, s, consulting, sql queries, consultant, etc, financial, cross, education, client, etc.1, business, distribution, s.1, regression, c.1, presentation, sql, python, management, software, analysis, system, excel, test, quality, data analysis, project, communication, computer, performance, sas, tableau, computer science, documentation, implementation, supervision, analytics, bi, r, data, basic, multi, degree, s, consulting, sql queries, consultant, vba, power bi, etc, financial, education, client, etc.1, reporting, visualization, business, ms, s.1, ms excel, regression, solutions, machine learning, presentation, python, management, systems, analysis, engineering, engineers, applications, quality, access, communication, computer, performance, analytical, computer science, algorithms, analytics, r, support, data, mobile, data science, can, degree, ups, statistics, s, lead, production, risk, technical, risk assessment, financial, solid, digital, business, statistical analysis, develop, requirements, s.1, mathematics, solutions, frameworks, machine learning, tools, detail, business acumen, decision support, sql, management, software, analysis, system, c, project, communication, computer, computer science, documentation, implementation, t, testing, supervision, analytics, data, basic, multi, can, validation, f, degree, statistics, s, consulting, sql queries, consultant, etc, financial, cross, education, client, etc.1, business, distribution, s.1, regression, c.1, presentation, sql, python, management, software, analysis, system, excel, test, quality, data analysis, project, communication, computer, performance, sas, tableau, computer science, documentation, implementation, supervision, analytics, bi, r, data, basic, multi, degree, s, consulting, sql queries, consultant, vba, power bi, etc, financial, education, client, etc.1, reporting, visualization, business, ms, s.1, ms excel, regression, solutions, machine learning, presentation"
"Business Services","Medium Small","sql, python, systems, analysis, engineering, engineers, computer, performance, analytical, computer science, design, algorithms, testing, data, data science, can, best practices, libraries, degree, statistics, data visualization, s, sql queries, production, etc, financial, client, build, etc.1, solid, visualization, business, continuous improvement, develop, s.1, databases, mathematics, technology, regression, solutions, machine learning, accessibility, high, presentation, sql, python, management, analysis, mysql, application, etl, spark, data analysis, communication, business requirements, sales, hive, algorithms, implementation, analytics, research, teradata, r, data, e, programming, data science, data analytics, libraries, com, statistics, data visualization, s, lead, pmo, etc, education, client, etc.1, digital, visualization, business, transformation, g, hands, pyspark, requirements, s.1, focus, technology, ai, presentations, solutions, data mining, high, sql, java, python, analysis, system, cloud, engineering, test, nosql, big data, computer, mongodb, analytical, computer science, hive, algorithms, testing, cassandra, r, data, e, programming, hbase, engineer, specification, degree, pig, statistics, s, functional, technical, etc, financial, ad, client, google cloud, etc.1, solid, business, g, develop, s.1, databases, mathematics, ml, regression, machine learning, tools, training, sql, python, management, development, software, systems, agile, unix, architecture, aws, cloud, etl, test, nosql, engineers, json, project, communication, infrastructure, performance, design, data architecture, data, e, shell, supply chain, best practices, s, lead, gcp, data governance, technical, switch, etc, client, software design, build, data structure, governance, etc.1, script, shell script, business, agile development, s.1, data processing, databases, technology, datawarehouse, tools, based, high, java, python, management, systems, cloud, engineering, test, big data, project, computer, analytical, computer science, algorithms, foundation, analytics, r, data, e, programming, data science, data analytics, degree, statistics, s, lead, etc, ad, cross, scientific, client, google cloud, build, etc.1, solid, business, g, develop, s.1, databases, mathematics, technology, ml, solutions, machine learning, tools, based, training, sql, python, management, analysis, excel, business intelligence, data analysis, communication, tableau, automotive, r, data, e, commerce, engineer, s, vba, technical, etc, client, etc.1, solid, strategy, data collection, business, requirements, s.1, tools, detail, sql, management, development, systems, agile, database, aws, cloud, etl, engineering, azure, automation, communication, analytical, design, postgresql, bi, data, e, s, sql queries, gcp, technical, switch, product development, financial, client, build, real, solid, business, agile development, s.1, technology, datawarehouse, impact, solutions, machine learning, bigquery, debug, sql, java, linux, python, management, oracle, database, architecture, aws, web, mysql, sql server, hadoop, etl, engineering, web services, nosql, data warehouse, quality, apache, big data, spark, amazon web services, computer, infrastructure, scala, automated, mongodb, microsoft sql server, design, integration, exchange, postgresql, cassandra, data management, analytics, bi, research, support, data, e, programming, can, apache spark, microsoft, database design, data analytics, degree, statistics, s, apache hadoop, consulting, financial services, server, administration, deployment, retail, financial, client, data modeling, reporting, amazon, data quality, digital, business, g, develop, hands, modeling, procedures, s.1, databases, technology, metadata, microsoft sql, solutions, machine learning, tools, based, sql, java, python, management, development, software, systems, agile, aws, analysis, cloud, hadoop, etl, test, azure, nosql, engineers, quality, big data, spark, communication, infrastructure, performance, automated, design, postgresql, data management, kubernetes, analytics, data, best practices, storage, data analytics, s, lead, production, technical, switch, redshift, end, storm, etc, financial, client, google cloud, software design, build, etc.1, solid, business, develop, elastic search, agile development, s.1, data processing, databases, focus, scalability, technology, solutions, data integrity, delivery, machine learning, tools, articulate, high, management, analysis, excel, automation, data analysis, data management, support, data, e, commerce, ecommerce, migration, data migration, finance, s, financial, client, reporting, business, s.1, accounting, sql, python, management, systems, analysis, application, excel, business intelligence, risk management, quality, data analysis, communication, data management, analytics, r, data, data analytics, degree, financial services, risk, financial, recruitment, data collection, business, ms, develop, requirements, databases, ms excel, technology, tools, presentation, java, python, management, software, systems, architecture, cloud, engineering, test, engineers, project, computer, analytical, computer science, design, algorithms, implementation, foundation, data, programming, data science, libraries, degree, statistics, s, lead, operations, technical, etc, ad, cross, client, google cloud, build, etc.1, solid, business, systems design, develop, s.1, data processing, mathematics, software architecture, technology, ai, ml, solutions, frameworks, machine learning, tools, based, training, sql, python, systems, analysis, engineering, engineers, computer, performance, analytical, computer science, design, algorithms, testing, data, data science, can, best practices, libraries, degree, statistics, data visualization, s, sql queries, production, etc, financial, client, build, etc.1, solid, visualization, business, continuous improvement, develop, s.1, databases, mathematics, technology, regression, solutions, machine learning, accessibility, high, presentation, sql, python, management, analysis, mysql, application, etl, spark, data analysis, communication, business requirements, sales, hive, algorithms, implementation, analytics, research, teradata, r, data, e, programming, data science, data analytics, libraries, com, statistics, data visualization, s, lead, pmo, etc, education, client, etc.1, digital, visualization, business, transformation, g, hands, pyspark, requirements, s.1, focus, technology, ai, presentations, solutions, data mining, high, sql, java, python, analysis, system, cloud, engineering, test, nosql, big data, computer, mongodb, analytical, computer science, hive, algorithms, testing, cassandra, r, data, e, programming, hbase, engineer, specification, degree, pig, statistics, s, functional, technical, etc, financial, ad, client, google cloud, etc.1, solid, business, g, develop, s.1, databases, mathematics, ml, regression, machine learning, tools, training, sql, python, management, systems, analysis, application, excel, business intelligence, risk management, quality, data analysis, communication, data management, analytics, r, data, data analytics, degree, financial services, risk, financial, recruitment, data collection, business, ms, develop, requirements, databases, ms excel, technology, tools, presentation, sql, java, linux, python, management, oracle, database, architecture, aws, web, mysql, sql server, hadoop, etl, engineering, web services, nosql, data warehouse, quality, apache, big data, spark, amazon web services, computer, infrastructure, scala, automated, mongodb, microsoft sql server, design, integration, exchange, postgresql, cassandra, data management, analytics, bi, research, support, data, e, programming, can, apache spark, microsoft, database design, data analytics, degree, statistics, s, apache hadoop, consulting, financial services, server, administration, deployment, retail, financial, client, data modeling, reporting, amazon, data quality, digital, business, g, develop, hands, modeling, procedures, s.1, databases, technology, metadata, microsoft sql, solutions, machine learning, tools, based, sql, java, python, management, development, software, systems, agile, aws, analysis, cloud, hadoop, etl, test, azure, nosql, engineers, quality, big data, spark, communication, infrastructure, performance, automated, design, postgresql, data management, kubernetes, analytics, data, best practices, storage, data analytics, s, lead, production, technical, switch, redshift, end, storm, etc, financial, client, google cloud, software design, build, etc.1, solid, business, develop, elastic search, agile development, s.1, data processing, databases, focus, scalability, technology, solutions, data integrity, delivery, machine learning, tools, articulate, high, management, analysis, excel, automation, data analysis, data management, support, data, e, commerce, ecommerce, migration, data migration, finance, s, financial, client, reporting, business, s.1, accounting, java, python, management, software, systems, architecture, cloud, engineering, test, engineers, project, computer, analytical, computer science, design, algorithms, implementation, foundation, data, programming, data science, libraries, degree, statistics, s, lead, operations, technical, etc, ad, cross, client, google cloud, build, etc.1, solid, business, systems design, develop, s.1, data processing, mathematics, software architecture, technology, ai, ml, solutions, frameworks, machine learning, tools, based, training, sql, python, management, analysis, excel, business intelligence, data analysis, communication, tableau, automotive, r, data, e, commerce, engineer, s, vba, technical, etc, client, etc.1, solid, strategy, data collection, business, requirements, s.1, tools, detail"
"Business Services","Small","sql, python, software, architecture, analysis, sql server, hadoop, pl, test, spark, tableau, documentation, r, data, e, programming, business objects, full time, cognos, s, server, graphics, reporting, solid, business, full, statistical analysis, s.1, spss, development, analysis, quality, data analysis, communication, quality assurance, research, support, data, can, degree, statistics, s, consulting, risk, technical, environmental, insurance, risk assessment, scientific, visualization, reports, act, biology, s.1, medical, presentations, development, software, analysis, project, communication, leadership, support, data, can, degree, full time, s, consulting, technical, environmental, insurance, office , mentorship, full, reports, act, s.1, medical, development, analysis, engineering, quality, communication, support, data, can, engineer, degree, full time, s, consulting, technical, environmental, insurance, civil, office , mentorship, full, reports, act, s.1, medical, presentation, sql, python, software, architecture, analysis, sql server, hadoop, pl, test, spark, tableau, documentation, r, data, e, programming, business objects, full time, cognos, s, server, graphics, reporting, solid, business, full, statistical analysis, s.1, spss, development, analysis, quality, data analysis, communication, quality assurance, research, support, data, can, degree, statistics, s, consulting, risk, technical, environmental, insurance, risk assessment, scientific, visualization, reports, act, biology, s.1, medical, presentations, development, software, analysis, project, communication, leadership, support, data, can, degree, full time, s, consulting, technical, environmental, insurance, office , mentorship, full, reports, act, s.1, medical, development, analysis, engineering, quality, communication, support, data, can, engineer, degree, full time, s, consulting, technical, environmental, insurance, civil, office , mentorship, full, reports, act, s.1, medical, presentation"
"Data Analysis","Large","network, excel, ms office, data, e, com, analyst, office , ms, word, ms excel"
"Data Analysis","Medium Large","sql, python, management, aws, cloud, project management, spark, project, communication, computer, performance, tableau, bi, data, multi, etc, etc.1, real, bi tools, organizational, data processing, solutions, machine learning, tools, sql, java, management, development, net, web, analysis, mysql, system, sql server, c, php, big data, automation, asp, computer, desktop, design, data management, r, data, data science, basic, visual basic, algorithm, analyst, statistics, data visualization, server, net.1, education, email, real, visualization, business, iot, requirements, machine learning, c.1, communication, analytical, data, data science, degree, information technology, mathematics, technology, tools, presentation, sql, python, management, aws, cloud, project management, spark, project, communication, computer, performance, tableau, bi, data, multi, etc, etc.1, real, bi tools, organizational, data processing, solutions, machine learning, tools, communication, analytical, data, data science, degree, information technology, mathematics, technology, tools, presentation"
"Data Analysis","Medium Small","management, engineering, business intelligence, quality, computer, computer science, design, integration, analytics, bi, data, e, data science, commerce, technical, insurance, collaboration, dashboard, education, reporting, business, ms, continuous improvement, requirements, technology, ai, medical, machine learning, development, application, engineering, sales, metrics, analytics, case, etc, build, etc.1, strategy, business, reports, next, requirements, impact, tools, based, sql, java, python, management, development, systems, analysis, quality, big data, computer, automated, computer science, algorithms, testing, metrics, r, data, statistics, s, sql queries, production, etc, ad, build, etc.1, visualization, business, statistical analysis, develop, s.1, focus, ml, regression, data mining, tools, based, high, java, python, software, systems, architecture, system, application, hadoop, etl, engineering, business intelligence, data warehouse, quality, spark, communication, computer, mongodb, analytical, computer science, implementation, kafka, foundation, cassandra, saas, data, programming, libraries, degree, postgres, case, s, insurance, distributed systems, office , etc, data modeling, etc.1, data collection, business, maintenance, system architecture, modeling, next, requirements, s.1, data processing, mathematics, technology, ai, ml, solutions, frameworks, machine learning, flask, high, management, analysis, automation, communication, analytics, data, data science, can, degree, consult, lead, operations, d, technical, etc, etc.1, strategy, visualization, business, ms, develop, hands, modeling, requirements, data mining, machine learning, high, presentation, management, analysis, data analysis, analytical, data management, data, degree, information technology, business process, technical, process improvement, business, requirements, technology, solutions, detail, development, api, communication, computer, computer science, design, implementation, data, degree, requirements, databases, sql, management, analysis, business intelligence, data warehouse, data analysis, communication, analytical, analytics, data, degree, technical, business, requirements, mathematics, detail, system, excel, communication, leadership, analytics, data, microsoft excel, microsoft, data analytics, degree, etc, etc.1, digital, requirements, google analytics, social media, analytics, data, data analytics, degree, business, requirements, economics, analysis, big data, sas, data, etc, etc.1, requirements, training, sql, engineering, mongodb, research, degree, s, requirements, s.1, mathematics, security, linux, database, network, hardware, nosql, data warehouse, big data, db, design, implementation, network security, supervision, data, case, open source, business process, troubleshoot, business, maintenance, develop, hands, technology, high, presentation, management, engineering, business intelligence, quality, computer, computer science, design, integration, analytics, bi, data, e, data science, commerce, technical, insurance, collaboration, dashboard, education, reporting, business, ms, continuous improvement, requirements, technology, ai, medical, machine learning, development, application, engineering, sales, metrics, analytics, case, etc, build, etc.1, strategy, business, reports, next, requirements, impact, tools, based, java, python, software, systems, architecture, system, application, hadoop, etl, engineering, business intelligence, data warehouse, quality, spark, communication, computer, mongodb, analytical, computer science, implementation, kafka, foundation, cassandra, saas, data, programming, libraries, degree, postgres, case, s, insurance, distributed systems, office , etc, data modeling, etc.1, data collection, business, maintenance, system architecture, modeling, next, requirements, s.1, data processing, mathematics, technology, ai, ml, solutions, frameworks, machine learning, flask, high, security, linux, database, network, hardware, nosql, data warehouse, big data, db, design, implementation, network security, supervision, data, case, open source, business process, troubleshoot, business, maintenance, develop, hands, technology, high, presentation, java, python, software, systems, cloud, engineering, big data, communication, infrastructure, data, degree, information technology, etc, etc.1, requirements, databases, technology, software engineering, based, management, analysis, automation, communication, analytics, data, data science, can, degree, consult, lead, operations, d, technical, etc, etc.1, strategy, visualization, business, ms, develop, hands, modeling, requirements, data mining, machine learning, high, presentation, sql, engineering, mongodb, research, degree, s, requirements, s.1, mathematics, analytics, data, data analytics, degree, business, requirements, economics, system, excel, communication, leadership, analytics, data, microsoft excel, microsoft, data analytics, degree, etc, etc.1, digital, requirements, google analytics, social media, analysis, big data, sas, data, etc, etc.1, requirements, training, management, analysis, data analysis, analytical, data management, data, degree, information technology, business process, technical, process improvement, business, requirements, technology, solutions, detail"
"Data Analysis","Small","excel, engineering, computer, sas, analytical, computer science, research, r, programming, matlab, finance, statistics, physics, etc, financial, optimization, etc.1, real, business, requirements, mathematics, solutions, sql, python, development, perl, c, engineering, engineers, communication, computer, computer science, algorithms, implementation, r, data, e, programming, data science, multi, artificial intelligence, end, etc, scripting, build, etc.1, solid, nlp, relational databases, business, full, g, next, requirements, databases, mathematics, machine learning, c.1, sql, test, quality, communication, tableau, design, t, testing, metrics, analytics, bi, data, can, data analytics, statistics, functional, lead, collaboration, cross, scientific, business, reports, modeling, regression, java, python, unix, analysis, system, application, hadoop, applications, quality, apache, big data, spark, data analysis, computer, analytical, computer science, hive, documentation, data, basic, degree, operations, mapreduce, administration, education, hdfs, self motivated, data flow, develop, requirements, install, configure, acquisition, based, development, software, agile, database, analysis, data analysis, computer, computer science, documentation, t, data, degree, analyst, troubleshooting, reporting, reports, develop, agile development, requirements, databases, technology, data integrity, tools, application, project, integration, data, engineer, com, data integration, consulting, consultant, end, business, innovation, sql, software, systems, architecture, aws, mysql, cloud, hadoop, etl, engineering, spark, infrastructure, performance, testing, postgresql, data, e, rdbms, storage, degree, data structures, build, maintenance, develop, reliable, monitoring, software architecture, ai, ml, machine learning, software engineering, high, training, data, com, analyst, email, recruitment, sql, analysis, excel, business intelligence, quality, data analysis, communication, sales, tableau, leadership, research, support, data, basic, multi, can, degree, analyst, statistics, etc, ad, client, build, etc.1, data quality, business, mathematics, delivery, economics, sql, python, automation, computer, computer science, research, r, data, programming, data science, degree, statistics, scripting, mathematics, machine learning, tools, management, development, systems, architecture, cloud, hadoop, etl, engineering, nosql, applications, big data, spark, communication, computer, infrastructure, performance, mongodb, computer science, design, hive, implementation, kafka, integration, cassandra, research, data, hbase, engineer, degree, pig, policies, elasticsearch, mapreduce, production, technical, lambda, rabbitmq, storm, hdfs, flume, databases, monitoring, solutions, frameworks, machine learning, tools, based, high, excel, data, microsoft excel, microsoft, s, s.1, report, database, analysis, mysql, computer, tableau, computer science, design, postgresql, r, data, degree, statistics, production, technical, user experience, etc, etc.1, business, impact, kpi, report, sql, java, linux, python, management, software, systems, database, architecture, aws, cloud, nosql, big data, spark, computer, infrastructure, scala, business requirements, computer science, design, kafka, t, cassandra, analytics, r, support, data, programming, storage, engineer, software engineer, postgres, gcp, technical, go, storm, etc, build, etc.1, business, transformation, manual, requirements, databases, scalability, delivery, tools, senior management, sql, python, excel, engineering, communication, computer, analytical, computer science, analytics, data, e, commerce, degree, analyst, s, etc, etc.1, business, develop, requirements, s.1, mathematics, technology, google analytics, tools, economics, based, presentation, sql, python, analysis, mysql, etl, engineering, git, big data, spark, data analysis, computer, performance, automated, mongodb, computer science, hive, metrics, postgresql, analytics, data, e, rdbms, degree, statistics, physics, insurance, dashboard, reporting, data collection, business, reports, develop, modeling, data processing, mathematics, medical, machine learning, based, sql, java, analysis, perl, c, engineering, automation, computer, sas, analytical, computer science, oop, foundation, research, r, data, programming, matlab, finance, degree, statistics, physics, vba, etc, financial, ad, object, optimization, etc.1, reporting, solid, develop, requirements, mathematics, capital market, machine learning, tools, game, c.1, quality, project, research, data, degree, s, insurance, education, client, business, requirements, s.1, focus, medical, solutions, delivery, database, sales, data, full time, analyst, education, full, detail, sql, python, analysis, big data, data analysis, communication, analytical, bi, r, data, programming, engineer, framework, etc, etc.1, bi tools, tools, sql, python, excel, engineering, computer, performance, sales, analytical, computer science, metrics, analytics, support, data, e, ecommerce, data analytics, degree, analyst, s, functional, cross, business, develop, requirements, s.1, mathematics, technology, impact, frameworks, detail, economics, high, management, analysis, excel, powerpoint, ms office, manager, degree, information technology, analyst, statistics, s, dashboard, office , client, ms, word, requirements, s.1, technology, detail, time management, sql, management, development, database, analysis, mysql, business intelligence, data warehouse, communication, automated, tableau, analytical, postgresql, analytics, bi, data, materials, com, analyst, data visualization, s, insurance, financial, ad, build, relational database, self motivated, visualization, business, reports, statistical analysis, develop, s.1, monitoring, tools, detail, high, training, management, analysis, c, project, research, data, manager, s, operations, d, education, client, reporting, business, reports, requirements, s.1, solutions, c.1, sql, java, linux, python, development, systems, database, aws, system, cloud, hadoop, azure, applications, apache, spark, scala, performance, protocols, db, technical support, hive, kafka, t, testing, support, data, programming, rdbms, apache spark, best practices, engineer, data structures, gcp, technical, rabbitmq, collaboration, troubleshoot, apache kafka, reliable, requirements, databases, organized, training, java, python, software, systems, architecture, system, application, hadoop, etl, engineering, business intelligence, data warehouse, quality, spark, communication, computer, mongodb, analytical, computer science, implementation, kafka, foundation, cassandra, saas, data, programming, libraries, degree, full time, postgres, case, s, insurance, distributed systems, office , etc, data modeling, etc.1, data collection, business, full, maintenance, system architecture, modeling, next, requirements, s.1, data processing, mathematics, technology, ai, ml, solutions, frameworks, machine learning, flask, high, sql, java, javascript, linux, python, aws, cloud, engineering, azure, nosql, scala, data, programming, degree, s, gcp, s.1, development, software, agile, database, analysis, data analysis, computer, computer science, documentation, t, data, degree, analyst, troubleshooting, reporting, reports, develop, agile development, requirements, databases, technology, data integrity, tools, excel, engineering, computer, sas, analytical, computer science, research, r, programming, matlab, finance, statistics, physics, etc, financial, optimization, etc.1, real, business, requirements, mathematics, solutions, excel, analytical, data, degree, requirements, tools, detail, presentation, python, systems, analysis, engineering, engineers, quality, computer, performance, computer science, algorithms, analytics, r, support, data, degree, statistics, s, lead, production, education, optimization, business, statistical analysis, develop, s.1, mathematics, solutions, frameworks, machine learning, tools, detail, decision support, data, com, analyst, email, recruitment, sql, analysis, excel, business intelligence, quality, data analysis, communication, sales, tableau, leadership, research, support, data, basic, multi, can, degree, analyst, statistics, etc, ad, client, build, etc.1, data quality, business, mathematics, delivery, economics, sql, software, systems, architecture, aws, mysql, cloud, hadoop, etl, engineering, spark, infrastructure, performance, testing, postgresql, data, e, rdbms, storage, degree, data structures, build, maintenance, develop, reliable, monitoring, software architecture, ai, ml, machine learning, software engineering, high, training, management, web, analysis, excel, quality, data analysis, powerpoint, performance, adobe, design, ms office, analytics, data, microsoft excel, microsoft, analyst, functional, dashboard, office , etc, cross, optimization, etc.1, digital, ms, requirements, google analytics, tools, detail, kpi, time management, based, report, social media, sql, python, excel, engineering, communication, computer, analytical, computer science, analytics, data, e, commerce, degree, analyst, s, etc, etc.1, business, develop, requirements, s.1, mathematics, technology, google analytics, tools, economics, based, presentation, database, analysis, mysql, computer, tableau, computer science, design, postgresql, r, data, degree, statistics, production, technical, user experience, etc, etc.1, business, impact, kpi, report, sql, test, quality, communication, tableau, design, t, testing, metrics, analytics, bi, data, can, data analytics, statistics, functional, lead, collaboration, cross, scientific, business, reports, modeling, regression, excel, data, microsoft excel, microsoft, s, s.1, report, java, python, software, systems, architecture, system, application, hadoop, etl, engineering, business intelligence, data warehouse, quality, spark, communication, computer, mongodb, analytical, computer science, implementation, kafka, foundation, cassandra, saas, data, programming, libraries, degree, full time, postgres, case, s, insurance, distributed systems, office , etc, data modeling, etc.1, data collection, business, full, maintenance, system architecture, modeling, next, requirements, s.1, data processing, mathematics, technology, ai, ml, solutions, frameworks, machine learning, flask, high, sql, java, python, management, systems, aws, mysql, sql server, cloud, hadoop, c, etl, nosql, big data, spark, ssis, computer, scala, tableau, computer science, kafka, postgresql, bi, data, engineer, emr, degree, statistics, information systems, server, redshift, storm, workflow, etc, object, rds, scripting, etc.1, bi tools, databases, tools, c.1, management, analysis, excel, powerpoint, ms office, manager, degree, information technology, analyst, statistics, s, dashboard, office , client, ms, word, requirements, s.1, technology, detail, time management, sql, java, analysis, perl, c, engineering, automation, computer, sas, analytical, computer science, oop, foundation, research, r, data, programming, matlab, finance, degree, statistics, physics, vba, etc, financial, ad, object, optimization, etc.1, reporting, solid, develop, requirements, mathematics, capital market, machine learning, tools, game, c.1, business intelligence, bi, analyst, s, power bi, business, s.1, report, sql, python, excel, engineering, computer, analytical, computer science, data, e, ecommerce, degree, analyst, s, business, requirements, s.1, mathematics, technology, detail, economics, quality, project, research, data, degree, s, insurance, education, client, business, requirements, s.1, focus, medical, solutions, delivery, sql, management, development, database, analysis, mysql, business intelligence, data warehouse, communication, automated, tableau, analytical, postgresql, analytics, bi, data, materials, com, analyst, data visualization, s, insurance, financial, ad, build, relational database, self motivated, visualization, business, reports, statistical analysis, develop, s.1, monitoring, tools, detail, high, training, management, development, systems, architecture, cloud, hadoop, etl, engineering, nosql, applications, big data, spark, communication, computer, infrastructure, performance, mongodb, computer science, design, hive, implementation, kafka, integration, cassandra, research, data, hbase, engineer, degree, pig, policies, elasticsearch, mapreduce, production, technical, lambda, rabbitmq, storm, hdfs, flume, databases, monitoring, solutions, frameworks, machine learning, tools, based, high, management, analysis, c, project, research, data, manager, s, operations, d, education, client, reporting, business, reports, requirements, s.1, solutions, c.1, sql, python, automation, computer, computer science, research, r, data, programming, data science, degree, statistics, scripting, mathematics, machine learning, tools, sql, python, development, analysis, excel, engineering, computer, performance, sales, analytical, computer science, metrics, analytics, support, data, e, ecommerce, data analytics, degree, analyst, budget, s, etc, optimization, etc.1, reporting, business, develop, distribution, requirements, s.1, mathematics, monitoring, economics, acquisition, based, sql, java, linux, python, development, systems, database, aws, system, cloud, hadoop, azure, applications, apache, spark, scala, performance, protocols, db, technical support, hive, kafka, t, testing, support, data, programming, rdbms, apache spark, best practices, engineer, data structures, gcp, technical, rabbitmq, collaboration, troubleshoot, apache kafka, reliable, requirements, databases, organized, training"
"Finance","Large","sql, security, python, management, development, web, analysis, spark, automation, communication, computer, scala, sas, tableau, analytical, computer science, technical support, firewalls, metrics, data management, analytics, r, support, data, e, programming, ips, data science, can, data analytics, degree, statistics, data visualization, s, lead, physics, risk, technical, end, etc, financial, ad, client, governance, etc.1, reporting, digital, visualization, business, reports, statistical analysis, g, develop, hands, malware, s.1, data lake, focus, spss, technology, impact, threat, data mining, machine learning, tools, based, management, net, analysis, access, communication, performance, analytical, implementation, analytics, support, data, can, data analytics, consult, operations, financial services, insurance, administration, net.1, end, financial, recruitment, strategy, business, develop, distribution, human resources, impact, nice, solutions, asset management, payments, based, business acumen, presentation, sql, development, hadoop, excel, applications, big data, powerpoint, communication, sas, analytical, design, r, data, e, multi, microsoft office, microsoft, functional, lead, collaboration, office , etc, optimization, build, etc.1, solid, business, hands, modeling, regression, machine learning, tools, presentation, systems, analysis, test, data analysis, design, data, algorithm, build, business, modeling, solutions, sql, analysis, excel, c, engineering, performance, analytical, implementation, analytics, data, data science, backup, analyst, lead, financial services, physics, risk, financial, ad, cross, education, ar, script, strategy, reports, develop, mathematics, tools, c.1, report, management, database, architecture, hadoop, sdlc, etl, engineering, data warehouse, big data, project, computer, infrastructure, computer science, data management, data, engineer, degree, information technology, statistics, s, s.1, technology, data mining, tools, systems, analysis, test, data analysis, design, data, algorithm, build, business, modeling, solutions, sql, security, python, management, development, web, analysis, spark, automation, communication, computer, scala, sas, tableau, analytical, computer science, technical support, firewalls, metrics, data management, analytics, r, support, data, e, programming, ips, data science, can, data analytics, degree, statistics, data visualization, s, lead, physics, risk, technical, end, etc, financial, ad, client, governance, etc.1, reporting, digital, visualization, business, reports, statistical analysis, g, develop, hands, malware, s.1, data lake, focus, spss, technology, impact, threat, data mining, machine learning, tools, based, sql, java, oracle, systems, database, hadoop, big data, spark, computer, sas, computer science, hive, kafka, analytics, r, data, e, programming, data analytics, degree, pig, information technology, statistics, s, distributed systems, mq, etc, etc.1, hands, modeling, s.1, monitoring, technology, solutions, data mining, tools, management, database, architecture, hadoop, sdlc, etl, engineering, data warehouse, big data, project, computer, infrastructure, computer science, data management, data, engineer, degree, information technology, statistics, s, s.1, technology, data mining, tools, sql, java, management, oracle, analysis, system, xml, excel, test, scripts, tableau, analytical, bi, finance, degree, analyst, s, java script, risk, education, script, strategy, s.1, tools, time management, report, sql, analysis, excel, c, engineering, performance, analytical, implementation, analytics, data, data science, backup, analyst, lead, financial services, physics, risk, financial, ad, cross, education, ar, script, strategy, reports, develop, mathematics, tools, c.1, report"
"Finance","Small","excel, communication, tableau, bi, data, degree, data visualization, s, financial services, power bi, troubleshoot, financial, ad, build, reporting, visualization, business, ms, reports, develop, distribution, s.1, ms excel, technology, delivery, detail, report, sql, python, development, network, analysis, mysql, hadoop, test, big data, spark, communication, computer, networks, performance, hive, algorithms, testing, analytics, r, data, business objects, can, degree, framework, statistics, s, functional, simulation, product development, etc, ad, optimization, etc.1, real, business, develop, modeling, map reduce, s.1, databases, mathematics, google analytics, regression, data mining, machine learning, tools, report, , , sql, linux, python, software, windows, aws, analysis, mysql, sql server, cloud, git, azure, apache, spark, microsoft sql server, design, postgresql, r, e, programming, shell, windows , apache spark, microsoft, emr, gcp, server, redshift, amazon redshift, graphics, reporting, solid, amazon, statistical analysis, microsoft sql, machine learning, sql, python, development, network, analysis, mysql, hadoop, test, big data, spark, communication, computer, networks, performance, hive, algorithms, testing, analytics, r, data, business objects, can, degree, framework, statistics, s, functional, simulation, product development, etc, ad, optimization, etc.1, real, business, develop, modeling, map reduce, s.1, databases, mathematics, google analytics, regression, data mining, machine learning, tools, report, , data warehouse, quality, big data, project, ssis, analytical, integration, data, mobile, com, data integration, insurance, talend, financial, https, transformation, innovation, solutions, tools, sql, java, python, development, software, database, network, analysis, mysql, hadoop, engineering, test, quality, big data, spark, communication, computer, networks, performance, computer science, design, hive, algorithms, integration, testing, analytics, r, support, data, business objects, degree, information technology, data integration, framework, statistics, s, functional, technical, simulation, product development, etc, ad, optimization, self motivated, etc.1, real, reporting, data quality, business, reports, clarity, develop, modeling, map reduce, s.1, databases, technology, google analytics, regression, data marts, data mining, machine learning, software engineering, tools, kpi, report, , excel, communication, tableau, bi, data, degree, data visualization, s, financial services, power bi, troubleshoot, financial, ad, build, reporting, visualization, business, ms, reports, develop, distribution, s.1, ms excel, technology, delivery, detail, report"
"Information Technology","Large","sql, java, python, development, oracle, architecture, aws, web, cloud, hadoop, engineering, web services, nosql, applications, apache, big data, spark, project, amazon web services, computer, mongodb, sap, sales, tableau, analytical, computer science, implementation, postgresql, cassandra, ibm, analytics, bi, r, support, telecom, data, basic, migration, apache spark, storage, microsoft, emr, data analytics, degree, cognos, lead, open source, consulting, power bi, technical, lambda, microstrategy, etc, financial, hp, etc.1, amazon, bi tools, business, develop, map reduce, requirements, databases, mariadb, technology, roadmaps, solutions, delivery, machine learning, tools, training, sql, java, python, development, oracle, architecture, aws, web, cloud, hadoop, engineering, web services, nosql, applications, apache, big data, spark, project, amazon web services, computer, mongodb, sap, sales, tableau, analytical, computer science, implementation, postgresql, cassandra, ibm, analytics, bi, r, support, telecom, data, basic, migration, apache spark, storage, microsoft, emr, data analytics, degree, cognos, lead, open source, consulting, power bi, technical, lambda, microstrategy, etc, financial, hp, etc.1, amazon, bi tools, business, develop, map reduce, requirements, databases, mariadb, technology, roadmaps, solutions, delivery, machine learning, tools, training"
"Information Technology","Medium Large","sql, python, excel, engineering, implementation, analytics, r, data, basic, data analytics, degree, statistics, data visualization, s, operations, technical, client, reporting, solid, visualization, business, develop, s.1, monitoring, technology, data manipulation, tools, sql, linux, python, management, systems, agile, database, aws, analysis, mysql, system, cloud, project management, etl, engineering, git, jenkins, scrum, azure, data warehouse, quality, big data, data analysis, project, performance, automated, jira, mongodb, tableau, analytical, lifecycle, implementation, ansible, postgresql, bi, ci, r, support, data, e, rdbms, data science, commerce, ecommerce, cd, engineer, data visualization, s, elasticsearch, gcp, production, power bi, terraform, redshift, end, retail, workflow, optimization, relational database, reporting, visualization, business, full, reports, g, develop, hands, innovation, reliable, requirements, s.1, data lake, databases, logistics, data integrity, elt, machine learning, tools, bigquery, python, management, systems, analysis, data analysis, performance, leadership, metrics, analytics, r, data, programming, can, data analytics, libraries, degree, analyst, statistics, s, etc, optimization, etc.1, real, business, organizational, continuous improvement, develop, requirements, s.1, technology, regression, data mining, machine learning, tools, high, sql, java, python, management, development, systems, agile, architecture, aws, system, cloud, application, hadoop, etl, engineering, test, business intelligence, azure, nosql, scripts, engineers, data warehouse, big data, spark, communication, computer, scala, performance, protocols, computer science, design, documentation, kafka, metrics, change management, analytics, support, data, programming, data science, can, best practices, engineer, degree, information systems, technical, etc, optimization, etc.1, business, develop, agile development, mathematics, scalability, nice, solutions, frameworks, query optimization, sql, python, excel, engineering, implementation, analytics, r, data, basic, data analytics, degree, statistics, data visualization, s, operations, technical, client, reporting, solid, visualization, business, develop, s.1, monitoring, technology, data manipulation, tools, sql, linux, python, management, systems, agile, database, aws, analysis, mysql, system, cloud, project management, etl, engineering, git, jenkins, scrum, azure, data warehouse, quality, big data, data analysis, project, performance, automated, jira, mongodb, tableau, analytical, lifecycle, implementation, ansible, postgresql, bi, ci, r, support, data, e, rdbms, data science, commerce, ecommerce, cd, engineer, data visualization, s, elasticsearch, gcp, production, power bi, terraform, redshift, end, retail, workflow, optimization, relational database, reporting, visualization, business, full, reports, g, develop, hands, innovation, reliable, requirements, s.1, data lake, databases, logistics, data integrity, elt, machine learning, tools, bigquery, python, management, systems, analysis, data analysis, performance, leadership, metrics, analytics, r, data, programming, can, data analytics, libraries, degree, analyst, statistics, s, etc, optimization, etc.1, real, business, organizational, continuous improvement, develop, requirements, s.1, technology, regression, data mining, machine learning, tools, high, sql, java, python, management, development, systems, agile, architecture, aws, system, cloud, application, hadoop, etl, engineering, test, business intelligence, azure, nosql, scripts, engineers, data warehouse, big data, spark, communication, computer, scala, performance, protocols, computer science, design, documentation, kafka, metrics, change management, analytics, support, data, programming, data science, can, best practices, engineer, degree, information systems, technical, etc, optimization, etc.1, business, develop, agile development, mathematics, scalability, nice, solutions, frameworks, query optimization"
"Information Technology","Medium Small","sql, python, development, analysis, engineering, http, quality, spark, access, communication, performance, design, metrics, research, data, programming, validation, com, iterative, s, functional, sql queries, production, technical, insurance, retail, cross, build, business, statistical analysis, s.1, technology, ai, medical, data manipulation, machine learning, tools, organized, sql, python, systems, database, etl, quality, spark, communication, performance, design, implementation, metrics, analytics, support, data, e, can, engineer, dashboard, etc, ad, build, etc.1, data collection, data quality, business, g, requirements, google analytics, tools, sql, python, management, systems, database, network, aws, mysql, api, cloud, excel, etl, engineering, rest, business intelligence, azure, apache, json, access, networks, infrastructure, performance, analytical, kafka, analytics, healthcare, ci, support, data, can, cd, engineer, data analytics, full time, apis, statistics, s, lead, gcp, technical, lambda, apache kafka, etc, build, rest apis, etc.1, reporting, data collection, business, full, reports, act, develop, requirements, s.1, mathematics, technology, impact, nice, solutions, sqs, tools, bigquery, economics, sql, python, management, software, systems, network, analysis, excel, engineering, rest, data analysis, powerpoint, testing, healthcare, research, support, data, microsoft office, can, microsoft, full time, analyst, apis, statistics, s, technical, office , etc, ad, build, rest apis, etc.1, real, business, full, reports, statistical analysis, next, s.1, mathematics, technology, impact, presentations, data mining, economics, presentation, java, management, development, software, architecture, aws, system, application, hadoop, devops, engineers, applications, quality, apache, big data, spark, json, performance, design, t, healthcare, data, e, multi, can, apache spark, engineer, microsoft, node, emr, degree, com, full time, framework, s, apache hadoop, technical, office , etc, troubleshooting, etc.1, full, https, system architecture, g, develop, hands, reliable, requirements, s.1, via, data processing, o, medical, time management, based, training, sql, python, systems, analysis, system, excel, quality, data analysis, analytical, documentation, analytics, healthcare, research, support, data, e, programming, data science, can, data analytics, full time, ad, build, reporting, strategy, business, full, ms, transformation, ms excel, detail, sql, python, management, software, systems, analysis, project management, hadoop, excel, engineering, rest, quality, spark, project, powerpoint, jira, hive, testing, metrics, analytics, healthcare, research, r, support, data, manager, microsoft office, microsoft, data analytics, degree, full time, apis, statistics, s, lead, operations, technical, office , etc, ad, build, rest apis, etc.1, data collection, business, full, reports, hands, s.1, databases, mathematics, presentations, data mining, tools, articulate, economics, presentation, report, senior management, sql, python, development, analysis, engineering, http, quality, spark, access, communication, performance, design, metrics, research, data, programming, validation, com, iterative, s, functional, sql queries, production, technical, insurance, retail, cross, build, business, statistical analysis, s.1, technology, ai, medical, data manipulation, machine learning, tools, organized, sql, python, systems, database, etl, quality, spark, communication, performance, design, implementation, metrics, analytics, support, data, e, can, engineer, dashboard, etc, ad, build, etc.1, data collection, data quality, business, g, requirements, google analytics, tools, sql, python, management, systems, database, network, aws, mysql, api, cloud, excel, etl, engineering, rest, business intelligence, azure, apache, json, access, networks, infrastructure, performance, analytical, kafka, analytics, healthcare, ci, support, data, can, cd, engineer, data analytics, full time, apis, statistics, s, lead, gcp, technical, lambda, apache kafka, etc, build, rest apis, etc.1, reporting, data collection, business, full, reports, act, develop, requirements, s.1, mathematics, technology, impact, nice, solutions, sqs, tools, bigquery, economics, java, management, development, software, architecture, aws, system, application, hadoop, devops, engineers, applications, quality, apache, big data, spark, json, performance, design, t, healthcare, data, e, multi, can, apache spark, engineer, microsoft, node, emr, degree, com, full time, framework, s, apache hadoop, technical, office , etc, troubleshooting, etc.1, full, https, system architecture, g, develop, hands, reliable, requirements, s.1, via, data processing, o, medical, time management, based, training, sql, python, systems, analysis, system, excel, quality, data analysis, analytical, documentation, analytics, healthcare, research, support, data, e, programming, data science, can, data analytics, full time, ad, build, reporting, strategy, business, full, ms, transformation, ms excel, detail, sql, python, management, software, systems, network, analysis, excel, engineering, rest, data analysis, powerpoint, testing, healthcare, research, support, data, microsoft office, can, microsoft, full time, analyst, apis, statistics, s, technical, office , etc, ad, build, rest apis, etc.1, real, business, full, reports, statistical analysis, next, s.1, mathematics, technology, impact, presentations, data mining, economics, presentation"
"Information Technology","Small","sql, python, excel, sas, analytical, metrics, analytics, r, data, e, can, microsoft, degree, statistics, risk, retail, financial, build, reporting, ms, g, hands, ms excel, technology, tools, based, sql, python, management, analysis, mysql, system, application, etl, quality, spark, data analysis, communication, sales, hive, algorithms, leadership, implementation, analytics, research, teradata, r, data, e, programming, data science, finance, libraries, statistics, data visualization, s, lead, pmo, retail, etc, education, client, etc.1, visualization, business, transformation, g, hands, pyspark, innovation, s.1, presentations, solutions, data mining, high, java, python, software, systems, hadoop, nosql, big data, spark, automation, project, performance, sales, algorithms, kafka, metrics, data, can, hbase, storage, microsoft, libraries, redis, olap, oltp, postgres, mapreduce, backend, data governance, technical, redshift, etc, financial, build, governance, etc.1, business, develop, hands, data processing, technology, regression, solutions, machine learning, bigquery, based, python, c, computer, networks, computer science, research, data, programming, multi, can, artificial intelligence, statistics, s, technical, etc, build, enterprise, etc.1, nlp, develop, s.1, via, technology, ai, pos, machine learning, c.1, based, sql, python, management, development, cloud, application, engineering, devops, architect, azure, apache, automation, communication, infrastructure, analytics, bi, data, migration, best practices, engineer, microsoft, application development, data visualization, full stack, s, server, paas, power bi, technical, lambda, iaas, deployment, collaboration, end, snowflake, client, enterprise, real, stack, visualization, full, transformation, iot, microsoft azure, databricks, innovation, internet, s.1, data lake, data processing, technology, ai, solutions, machine learning, high, sql, python, excel, sas, analytical, metrics, analytics, r, data, e, can, microsoft, degree, statistics, risk, retail, financial, build, reporting, ms, g, hands, ms excel, technology, tools, based, sql, python, management, analysis, mysql, system, application, etl, quality, spark, data analysis, communication, sales, hive, algorithms, leadership, implementation, analytics, research, teradata, r, data, e, programming, data science, finance, libraries, statistics, data visualization, s, lead, pmo, retail, etc, education, client, etc.1, visualization, business, transformation, g, hands, pyspark, innovation, s.1, presentations, solutions, data mining, high, python, c, computer, networks, computer science, research, data, programming, multi, can, artificial intelligence, statistics, s, technical, etc, build, enterprise, etc.1, nlp, develop, s.1, via, technology, ai, pos, machine learning, c.1, based, sql, python, management, development, cloud, application, engineering, devops, architect, azure, apache, automation, communication, infrastructure, analytics, bi, data, migration, best practices, engineer, microsoft, application development, data visualization, full stack, s, server, paas, power bi, technical, lambda, iaas, deployment, collaboration, end, snowflake, client, enterprise, real, stack, visualization, full, transformation, iot, microsoft azure, databricks, innovation, internet, s.1, data lake, data processing, technology, ai, solutions, machine learning, high"
"Insurance","Large","management, development, c, analytics, support, data, can, data analytics, degree, s, lead, technical, insurance, administration, payroll, solid, business, transformation, s.1, vendor management, solutions, asset management, c.1, system, data, ad, reports, management, development, c, analytics, support, data, can, data analytics, degree, s, lead, technical, insurance, administration, payroll, solid, business, transformation, s.1, vendor management, solutions, asset management, c.1, system, data, ad, reports"
"Manufacturing","Large","java, management, development, analysis, engineering, quality, communication, analytical, quality assurance, research, data, e, validation, degree, com, s, technical, laboratory, etc, scientific, build, etc.1, pmi, full, ms, g, act, develop, procedures, next, s.1, tools, high, java, management, development, analysis, engineering, quality, communication, analytical, quality assurance, research, data, e, validation, degree, com, s, technical, laboratory, etc, scientific, build, etc.1, pmi, full, ms, g, act, develop, procedures, next, s.1, tools, high"
"Manufacturing","Small","java, python, systems, aws, analysis, etl, engineering, git, rest, business intelligence, data warehouse, computer, tableau, analytical, design, bi, r, data, programming, github, degree, information technology, s, power bi, end, etc, etc.1, business, develop, hands, s.1, technology, tools"
"Non-Profit","Medium Small","management, development, systems, network, analysis, system, application, http, test, applications, quality, project, communication, analytical, ios, implementation, foundation, analytics, research, support, data, e, programming, can, degree, budget, policies, framework, s, lead, consultant, nexus, technical, director, environmental, civil, collaboration, etc, cross, objective, scientific, build, creativity, etc.1, reporting, strategy, business, organizational, reports, g, authorization, develop, modeling, government, innovation, next, s.1, impact, presentations, solutions, tools, economics, synthesis, based, energy, high, presentation, report, management, development, systems, network, analysis, system, application, http, test, applications, quality, project, communication, analytical, ios, implementation, foundation, analytics, research, support, data, e, programming, can, degree, budget, policies, framework, s, lead, consultant, nexus, technical, director, environmental, civil, collaboration, etc, cross, objective, scientific, build, creativity, etc.1, reporting, strategy, business, organizational, reports, g, authorization, develop, modeling, government, innovation, next, s.1, impact, presentations, solutions, tools, economics, synthesis, based, energy, high, presentation, report"
"Retail","Large","sql, linux, python, management, systems, agile, database, aws, analysis, mysql, system, cloud, project management, etl, engineering, git, jenkins, scrum, azure, data warehouse, quality, big data, data analysis, project, performance, automated, jira, mongodb, tableau, analytical, lifecycle, implementation, ansible, postgresql, bi, ci, r, support, data, e, rdbms, data science, commerce, ecommerce, cd, engineer, data visualization, s, elasticsearch, gcp, production, power bi, terraform, redshift, end, retail, workflow, optimization, relational database, reporting, visualization, business, full, reports, g, develop, hands, innovation, reliable, requirements, s.1, data lake, databases, logistics, data integrity, elt, machine learning, tools, bigquery, sql, linux, python, management, systems, agile, database, aws, analysis, mysql, system, cloud, project management, etl, engineering, git, jenkins, scrum, azure, data warehouse, quality, big data, data analysis, project, performance, automated, jira, mongodb, tableau, analytical, lifecycle, implementation, ansible, postgresql, bi, ci, r, support, data, e, rdbms, data science, commerce, ecommerce, cd, engineer, data visualization, s, elasticsearch, gcp, production, power bi, terraform, redshift, end, retail, workflow, optimization, relational database, reporting, visualization, business, full, reports, g, develop, hands, innovation, reliable, requirements, s.1, data lake, databases, logistics, data integrity, elt, machine learning, tools, bigquery"
"Telecommunications","Large","sql, python, management, software, systems, network, analysis, sql server, application, hadoop, pl, business intelligence, big data, spark, performance, tableau, design, algorithms, leadership, documentation, t, analytics, research, embedded, r, data, e, programming, mobile, business objects, data analytics, com, cognos, s, lead, server, collaboration, scientific, build, graphics, reporting, solid, business, https, statistical analysis, transformation, develop, innovation, next, s.1, spss, technology, impact, solutions, data mining, machine learning, tools, based"
"Telecommunications","Medium Small","sql, analysis, communication, performance, tableau, analytical, analytics, bi, research, data, data analytics, finance, degree, com, data structures, power bi, technical, cross, email, business, ms, reports, word, modeling, accounting, excel, communication, analytical, t, analytics, degree, information technology, financial services, financial, education, ms, requirements, ms excel, technology, google analytics, sql, python, software, application, etl, engineering, data warehouse, computer, scala, computer science, kafka, data, programming, developer, engineer, degree, education, requirements, dbms, excel, communication, analytical, t, analytics, degree, information technology, financial services, financial, education, ms, requirements, ms excel, technology, google analytics, sql, python, software, application, etl, engineering, data warehouse, computer, scala, computer science, kafka, data, programming, developer, engineer, degree, education, requirements, dbms"
"Transportation & Logistics","Medium Large","security, python, database, architecture, analysis, application, etl, business intelligence, communication, performance, automated, tableau, analytical, design, data architecture, analytics, data, e, data science, database design, analyst, data visualization, s, go, simulation, etc, data security, etc.1, visualization, business, reports, requirements, s.1, impact, privacy, data mining, delivery, tools, bigquery, detail, based, presentation, sql, python, agile, analysis, test, communication, tableau, analytics, support, data, data science, data visualization, lead, technical, user experience, build, swift, real, visualization, business, statistical analysis, impact, ml, solutions, detail, high, sql, python, web, analysis, test, data analysis, design, testing, analytics, r, data, best practices, com, framework, statistics, data visualization, s, operations, technical, etc, build, swift, etc.1, real, visualization, business, https, s.1, impact, ml, business operations, machine learning, tools, detail, sql, python, agile, analysis, etl, project, communication, automated, tableau, design, analytics, support, data, e, analyst, statistics, case, data visualization, simulation, etc, etc.1, visualization, business, reports, statistical analysis, g, impact, solutions, delivery, tools, acquisition, based, security, python, database, architecture, analysis, application, etl, business intelligence, communication, performance, automated, tableau, analytical, design, data architecture, analytics, data, e, data science, database design, analyst, data visualization, s, simulation, etc, data security, etc.1, visualization, business, reports, requirements, s.1, impact, privacy, data mining, delivery, tools, bigquery, detail, based, presentation, sql, python, agile, analysis, test, communication, tableau, analytics, support, data, data science, data visualization, lead, technical, user experience, build, swift, real, visualization, business, statistical analysis, impact, ml, solutions, detail, high, sql, python, web, analysis, test, data analysis, design, testing, analytics, r, data, best practices, com, framework, statistics, data visualization, s, operations, technical, etc, build, swift, etc.1, real, visualization, business, https, s.1, impact, ml, business operations, machine learning, tools, detail, sql, python, agile, analysis, etl, project, communication, automated, tableau, design, analytics, support, data, e, analyst, statistics, case, data visualization, simulation, etc, etc.1, visualization, business, reports, statistical analysis, g, impact, solutions, delivery, tools, acquisition, based"
"Transportation & Logistics","Small","sql, excel, access, tableau, degree, information technology, statistics, s, dashboard, ms, s.1, ms excel, technology, logistics, organized, report, sql, excel, access, tableau, degree, information technology, statistics, s, dashboard, ms, s.1, ms excel, technology, logistics, organized, report"
"Travel & Tourism","Small","python, development, systems, database, analysis, engineering, business intelligence, quality, communication, performance, automated, design, implementation, analytics, data, engineer, validation, iterative, functional, production, technical, collaboration, cross, data quality, business, statistical analysis, develop, ai, solutions, machine learning, python, development, systems, database, analysis, engineering, business intelligence, quality, communication, performance, automated, design, implementation, analytics, data, engineer, validation, iterative, functional, production, technical, collaboration, cross, data quality, business, statistical analysis, develop, ai, solutions, machine learning"
